Proposta pendente;Mês;Produto;Nome da Campanha;Tipo;Digital;Videos;Print;peças alteradas pós 3 rodada;Status;Data inicio;Data final;DATA REAL FINAL;diferença final e real;Producer PXP;GP DPZ;Valor Proposta Ratecard Hub;Cobrado em;Custo extra (CE);
;;;2023;;483;261;35;5;;;;;;;;R$515.939,01;;;
;Agosto 23;Megane E-tech;REN0070-RNLT0049CRI014-RNT-MEGANE-E-TECH-ROTEIROS-FILMES-30-15v1-15v2-5;Video Broadcast;0;4;0;0;Entregue;23/08/23;25/08/23;;;Marilete Botelho;Leandro Neublum;R$3.698,50;Ago/23;R$0,00;
;Agosto 23;Projeto tênis;REN0072-RNLT0060CRI002-RNT-PROJETO-TERRÃO-OOH-IBIRAPUERA;Video no Broadcast;0;1;0;0;Entregue;23/08/23;24/08/23;;;Jéssica Gerald;Jessica Alencar;R$2.318,59;Ago/23;R$0,00;
;Setembro 23;E-tech;REN0073-RNLT0109CRI003-RNT-VINHETA-E-TECH-COMO-FOI-2022;Video no Broadcast;0;1;0;0;Entregue;24/08/23;25/08/23;;;Jéssica Gerald;Gustavo Albuquerque;R$3.864,28;Set/23;R$0,00;
;Agosto 23;HJF;REN0074-RNT-KARDIAN-R-TALK-ONE;Video no Broadcast;0;3;0;0;Entregue;25/08/23;25/08/23;;;Marilete Botelho;Priscila Martins;R$4.802,61;Ago/23;R$0,00;
;Agosto 23;Megane E-tech;REN0075-RNLT0049CRI014-RNT-MEGANEETECH-CINEMA60s;Video Broadcast;0;1;0;0;Entregue;25/08/23;28/08/23;;;Marilete Botelho;Leandro Neublum;R$1.876,90;Ago/23;R$0,00;
;Setembro 23;Pós-vendas;REN0076-RNLT0078CRI159-RNT-POSVENDAS0-DESTAQUES-STORIES;Video no Broadcast;0;6;0;0;Entregue;28/08/23;15/09/23;;;Jéssica Gerald;Leandro Neublum;R$4.305,91;Set/23;R$0,00;
;Setembro 23;Kwid;REN0077-RNT-RDEMOS-KWID-PH2-AJUSTES;Video no Broadcast;0;36;0;0;Entregue;31/08/23;18/09/23;;;Marilete Botelho;Gustavo Albuquerque;R$57.632,96;Out/23;R$0,00;
;Setembro 23;Oroch;REN0079-RNT-OROCH-PEÇAS-DIGITAIS-BUY;Static Banners;7;0;0;0;Entregue;05/09/23;06/09/23;;;Marilete Botelho;Leandro Neublum;R$1.854,85;Set/23;R$0,00;
;Setembro 23;E-tech;REN0080-RNT-PACUBRA-FILMES;Video no Broadcast;0;13;0;0;Entregue;06/09/23;08/09/23;;;Jéssica Gerald;Priscila Martins;R$46.923,39;Set/23;R$0,00;
;Setembro 23;Social AON;REN0081-RNT-SOCIAL_GLOBAL-RTALK_HCB(SCENIC);Video no Broadcast;0;6;0;0;Entregue;08/09/23;11/09/23;;;Jessica Gerald;Fabiana Delboni;R$7.949,38;Set/23;R$0,00;
;Setembro 23;E-tech;REN0082-DPZ-RNT-E-TECH-DAYS-DESDO-PRE-EVENTO;"Digital Standard HTML
Rich Media Banners
Static Banners
Video no Broadcast";10;7;0;0;Entregue;13/09/23;15/09/23;;;Marilete Botelho;Gustavo Albuquerque;R$14.485,53;Set/23;R$0,00;
;Setembro 23;Megane E-tech;REN0084 - RNT | Megane E-tech Desdobramento OOH e Anúncios;"Double Page
OOH Static
Rich Media Banners
Single Page
Static Banners";36;2;5;5;Entregue;15/09/23;15/09/23;;;Jessica Gerald;Fabiana Delboni;R$27.926,32;Set/23;R$5.041,62;
;Setembro 23;Megane E-tech;REN0085 - RNT | Megane E-tech Desdobramento Peças Digitais;"Static Banners
Video Broadcast";20;6;0;0;Entregue;15/09/23;15/09/23;;;Jessica Gerald;Fabiana Delboni;R$5.299,58;Set/23;R$0,00;
;Setembro 23;E-tech;REN0086 - RNT-PACUBRA-FILMES-KANGOO-ETECH;Video no Broadcast;0;1;0;0;Entregue;18/09/23;18/09/23;;;Jessica Gerald;Gustavo Albuquerque;R$3.864,28;Set/23;R$0,00;
;Setembro 23;E-tech;REN0087 - RNT-E-TECH-DAYS-DESDO-DURANTE;Video no Broadcast;0;3;0;0;Entregue;20/09/23;20/09/23;;;Marilete Botelho;Gustavo Albuquerque;R$2.152,96;Set/23;R$0,00;
;Setembro 23;E-tech;REN0088 - RNT-E-TECH-DAYS-DESDO-PRE-EVENTO-2;Digital Standard HTML;3;0;0;0;Entregue;20/09/23;21/09/23;;;Marilete Botelho;Gustavo Albuquerque;R$629,32;Set/23;R$0,00;
;Setembro 23;Kwid E-Tech;REN0089 - REN-KWID-E-TECH-RODAPE-ESTADAO;Single Page;0;0;1;0;Entregue;25/09/23;25/09/23;;;Jessica Gerald;Gustavo Albuquerque;R$853,89;Set/23;R$0,00;
;Setembro 23;Megane E-tech;REN0090 - RNT-MEGANE-30-HARDEST-RUN;Video no Broadcast;1;0;0;0;Entregue;25/09/23;27/09/23;;;Jessica Gerald;Gustavo Albuquerque;R$2.097,75;Set/23;R$0,00;
;Setembro 23;E-tech;REN0091 - RNT-E-TECH-DAYS-COBERTURA-REELS-2;Video no Broadcast;0;1;0;0;Entregue;26/09/23;26/09/23;;;Jessica Gerald;Gustavo Albuquerque;R$1.876,94;Set/23;R$0,00;
;Outubro 23;"Duster
Institucional
Kwid E-Tech
Oroch";REN0092 - RNT| INSTITUCIONAL| Videos Painel de Led;Video Broadcast;0;6;0;0;Entregue;26/09/23;28/09/23;;;Jéssica Gerald;Leandro Neublum;R$24.731,38;Out/23;R$0,00;
;Outubro 23;Kwid;REN0093 - RNT| KWID| Desdobramento peças buy - genericas;Static Banners;9;0;0;0;Entregue;29/09/23;29/09/23;;;Jessica Gerald;Leandro Neublum;R$2.384,81;Out/23;R$0,00;
;Outubro 23;Oroch;REN0094 - RNT| OROCH| Desdobramento| SHOP;Static Banners;2;0;0;0;Entregue;02/10/23;02/10/23;;;Jessica Gerald;Leandro Neublum;R$216,87;Out/23;R$0,00;
;Outubro 23;Oroch;REN0095 - RNT | Inicial | Oroch | Desdobramento SHOP - Peças Digitais - Outubro/23;Static Banners;9;0;0;0;Entregue;02/10/23;03/10/23;;;Jessica Gerald;Gustavo Albuquerque;R$1.213,70;Out/23;R$0,00;
;Outubro 23;E-tech;REN0096-RNT-E-TECH-DAYS-COBERTURA-REELS-3;Video no Broadcast;0;1;0;0;Entregue;03/10/23;03/10/23;;;Marilete Botelho;Gustavo Albuquerque;R$1.876,94;Out/23;R$0,00;
;Outubro 23;Megane E-tech;REN0097-RNT-MEGANE-ETECH-FILME30-AÇÃOBAND;Video Broadcast;0;1;0;0;Entregue;04/10/23;04/10/23;;;Marilete Botelho;Fabiana Delboni;R$1.545,71;Out/23;R$0,00;
;Outubro 23;Kwid;REN0098 - RNT| KWID| BUY| OUTUBRO;"Static Banners
Video Broadcast";14;0;0;0;Entregue;03/10/23;04/10/23;;;Jéssica Gerald;Leandro Neublum;R$2.953,41;Out/23;R$0,00;
;Outubro 23;Kangoo;REN0099 - RNT-KANGOO-LANÇAMENTO-STORIES;Rich Media Banners;1;0;0;0;Entregue;04/10/23;04/10/23;;;Jessica Gerald;Gustavo Albuquerque;R$717,65;Out/23;R$0,00;
;Outubro 23;Megane E-tech;REN0100-RNT-MEGANE-ETECH-PM-AUTODATA-FILME;Video Broadcast;0;1;0;0;Entregue;05/10/23;05/10/23;;;Marilete Botelho;;R$1.380,10;Out/23;R$0,00;
;Outubro 23;Institucional;REN0101-RNT-PATRICIA-MEDRADO+CEUCAMPOLIMPO;Rich Media Banners;0;1;0;0;Entregue;05/10/23;06/10/23;;;Marilete Botelho;Jessica Alencar;R$1.048,88;Out/23;R$0,00;
;Outubro 23;Oroch;REN0102 - RNT-OROCH-BUY-OUTUBRO;"Static Banners
Video Broadcast";14;2;0;0;Entregue;06/10/23;09/10/23;;;Jéssica Gerald;Leandro Neublum;R$4.362,30;Out/23;R$0,00;
;Outubro 23;Institucional;REN0103 - RNT - INSTITUCIONAL - Dia das Crianças;Rich Media Banners;0;1;0;0;Entregue;09/10/23;10/10/23;;;Jessica Gerald;Jessica Alencar;R$717,65;Out/23;R$0,00;
;Outubro 23;Institucional;REN0104-RNT-FORMATURA-GERAÇÃO-FUTURO;Rich Media Banners;0;2;0;0;Entregue;09/10/23;09/10/23;;;Marilete Botelho;Jessica Alencar;R$6.624,48;Out/23;R$0,00;
;Outubro 23;Kwid;REN0105 - RNT-KWID-BUY-NOVA OFERTA;"Static Banners
Video Broadcast";14;2;0;0;Entregue;10/10/23;10/10/23;;;Jéssica Gerald;Leandro Neublum;R$4.063,01;Out/23;R$0,00;
;Outubro 23;Pós-vendas;REN0106-RNT-Pós Vendas Anúncios Mecânicos;Single Page;0;0;2;0;Entregue;11/10/23;11/10/23;;;Jessica Gerald;Fabiana Delboni;R$1.707,78;Out/23;R$0,00;
;Outubro 23;Megane E-tech;REN0107-RNT-Megane E-tech Finalização Bloomberg;OOH Static;0;0;1;0;Entregue;11/10/23;11/10/23;;;Jessica Gerald;Fabiana Delboni;R$1.003,23;Out/23;R$0,00;
;Outubro 23;Pós-vendas;REN0108 - RNT - Pos Vendas Finalização KV Promoção;OOH Static;1;0;1;0;Entregue;31/10/23;01/11/23;;;Ludmila Galanzauskas;Fabiana Delboni;R$1.111,66;Out/23;R$0,00;
;Outubro 23;"Institucional
Megane E-tech";REN0109 - RNT-AEROPORTO NORONHA -PAINEIS;OOH Static;0;0;3;0;Entregue;11/10/23;16/10/23;;;Jéssica Gerald;Leandro Neublum;R$3.511,29;Out/23;R$0,00;
;Outubro 23;Megane E-tech;REN0110-RNT-MEGANE-E-TECH-FINALIZAÇÃO-VITRINE-JK;OOH Static;0;0;2;0;Entregue;11/10/23;11/10/23;;;Marilete Botelho;Fabiana Delboni;R$2.006,45;Out/23;R$0,00;
;Outubro 23;Megane E-tech;REN0111 - RNT -  Megane E-tech Finalização Backlight JK;OOH Static;0;0;2;0;Entregue;11/10/23;11/10/23;;;Ludmila Galanzauskas;Fabiana Delboni;R$2.508,07;Out/23;R$0,00;
;Outubro 23;Kwid;REN0112-RNT-KWID-BUY-OFERTA-PREÇO CHEIO-OUTUBRO;"Static Banners
Video Broadcast";14;2;0;0;Entregue;16/10/23;17/10/23;;;Jéssica Gerald;Leandro Neublum;R$2.953,41;Out/23;R$0,00;
;Outubro 23;Duster;REN0113-RNT-DUSTER-PEÇAS SHOP-ANIMADAS;Video Broadcast;0;6;0;0;Entregue;18/10/23;18/10/23;;;Jéssica Gerald;Leandro Neublum;R$4.305,91;Out/23;R$0,00;
;Outubro 23;Oroch;REN0114-RNT-OROCH-LEARN-SEM SELO-NOVEMBRO;Static Banners;21;0;0;0;Entregue;18/10/23;24/10/23;;;Jéssica Gerald;Leandro Neublum;R$2.277,16;Out/23;R$0,00;
;Outubro 23;Oroch;REN0115-RNT-OROCH-SHOP-SEM SELO-NOVEMBRO;"Static Banners
Video Broadcast";49;6;0;0;Entregue;18/10/23;23/10/23;;;Jéssica Gerald;Leandro Neublum;R$9.619,29;Out/23;R$0,00;
;Outubro 23;Kwid;REN0116-RNT-KWID-SALES FORCE OOH E REVISTAS NOVEMBRO;"Double Page
OOH Static
Single Page";0;0;3;0;Entregue;18/10/23;19/10/23;;;Marilete Botelho;Leandro Neublum;R$2.947,76;Out/23;R$0,00;
;Outubro 23;Kwid;REN0117 - RNT-KWID-PEÇAS-REDE-DIGITAIS-ESTATICAS;Static Banners;5;0;0;0;Entregue;18/10/23;20/10/23;;;Ludmila Galanzauskas;Leandro Neublum;R$542,18;Out/23;R$0,00;
;Outubro 23;Kwid;REN0118-RNT-KWID-PEÇAS-MIDIA-BUY;"Static Banners
Video Broadcast";14;2;0;0;Entregue;18/10/23;19/10/23;;;Ludmila Galanzauskas;Leandro Neublum;R$2.953,41;Out/23;R$0,00;
;Outubro 23;Megane E-tech;REN0119-RNT-MEGANE E-TECH-ADSMOVIL;Rich Media Banners;2;0;0;0;Entregue;19/10/23;19/10/23;;;Marilete Botelho;Fabiana Delboni;R$375,39;Out/23;R$0,00;
;Outubro 23;"Kwid
Megane E-tech";REN0120-RNT-FILMES-ABLA-TRIPA 60;Video Broadcast;0;2;0;0;Entregue;20/10/23;20/10/23;;;Marilete Botelho;Leandro Neublum;R$4.747,54;Out/23;R$0,00;
;Outubro 23;Social AON;REN0121-RNT-SOCIAL AON- RTALK CLIO;Video Broadcast;0;2;0;0;Entregue;19/10/23;20/10/23;;;Jessica Gerald;Jessica Alencar;R$5.520,40;Out/23;R$0,00;
;Outubro 23;Megane E-tech;REN0122-RNT-MEGANE-E-TECH-ANÚNCIO-ESTADÃO;Double Page;0;0;1;0;Entregue;24/10/23;24/10/23;;;Marilete Botelho;Fabiana Delboni;R$1.668,03;Out/23;R$0,00;
;Outubro 23;Institucional;REN0123-RNT-ANUNCIO-ADVB;Static Banners;1;0;0;0;Entregue;24/10/23;24/10/23;;;Marilete Botelho;Jessica Alencar;R$108,44;Out/23;R$0,00;
;Outubro 23;Megane E-tech;REN0124 - RNT| MEGAANE E-TECH| ANUNCIOS COMUNICAÇÃO NOVEMBRO;"Double Page
Single Page";0;0;3;0;Entregue;24/10/23;25/10/23;;;Jéssica Gerald;Leandro Neublum;R$3.333,84;Out/23;R$0,00;
;Outubro 23;Megane E-tech;REN0125 - RNT -Megane E-tech Anúncio Estadão Pg Simples;Single Page;0;0;1;0;Entregue;25/10/23;25/10/23;;;Jessica Gerald;Fabiana Delboni;R$1.104,28;Out/23;R$0,00;
;Outubro 23;Megane E-tech;REN0126-RNT-MEGANE-E-TECH-ONE-HEROES;Rich Media Banners;0;2;0;0;Entregue;25/10/23;26/10/23;;;Ludmila Galanzauskas;Gustavo Albuquerque;R$1.435,30;Out/23;R$0,00;
;Outubro 23;Megane E-tech;REN0127-RNT-MEGANE-ETECH-FILME30-AÇÃOBAND;Video no Broadcast;0;2;0;0;Entregue;27/10/23;27/10/23;;;Jessica Gerald;Fabiana Delboni;R$1.380,10;Out/23;R$0,00;
;Outubro 23;Pós-vendas;REN0128-RNT-Pós Vendas Anúncios Promo Motrio;"Double Page
Single Page";0;0;2;0;Entregue;30/10/23;30/10/23;;;Jessica Gerald;Fabiana Delboni;R$1.707,78;Out/23;R$0,00;
;Outubro 23;Pós-vendas;REN0129 - RNT - PV Peças E-commerce Desdobramento;Static Banners;4;16;0;0;Cancelado;30/10/23;31/10/23;;;Jessica Gerald;Fabiana Delboni;R$0,00;Out/23;R$0,00;
;Outubro 23;Megane E-tech;REN0130-RNT-MEGANE-ETECH-PM-AUTODATA-FILME;Video Broadcast;0;1;0;0;Entregue;30/10/23;31/10/23;;;Marilete Botelho;Leandro Neublum;R$1.545,71;Out/23;R$0,00;
;Novembro 23;Oroch;REN0131-RNT-OROCH-BUY-SEM SELO-OFERTA-NOVEMBRO;"Static Banners
Video Broadcast";16;3;0;0;Entregue;31/10/23;01/11/23;;;Marilete Botelho;Leandro Neublum;R$3.887,94;Nov/23;R$0,00;
;Outubro 23;Pós-vendas;REN0132-RNT - Pós Vendas Anúncio Loja Online;Single Page;0;0;1;0;Entregue;31/10/23;31/10/23;;;Jessica Gerald;Fabiana Delboni;R$853,89;Nov/23;R$0,00;
;Novembro 23;Pós-vendas;REN0133-RNT -Finalização KV Promoção Motrio;Single Page;0;0;1;0;Entregue;01/11/23;01/11/23;;;Jessica Gerald;Fabiana Delboni;R$853,89;Nov/23;R$0,00;
;Dezembro 23;"Duster
Institucional
Kwid
Kwid E-Tech
Oroch";REN0134-RNT-INSTITUCIONAL-PAINEL-DE-LED-NOVO-FORMATO;Video Broadcast;0;6;0;0;Entregue;01/11/23;08/11/23;;;Marilete Botelho;Leandro Neublum;R$13.248,96;Nov/23;R$0,00;
;Novembro 23;Kangoo;REN0135 - TVC-THE-STORE-KANGOO;Video no Broadcast;0;1;0;0;Entregue;07/11/23;08/11/23;;;Jessica Gerald;Gustavo Albuquerque;R$1.380,10;Nov/23;R$0,00;
;Novembro 23;Oroch;REN0136 - OOHs-OROCH-NOVEMBRO;Video no Broadcast;13;13;0;0;Entregue;###############################################################################################################################################################################################################################################################;09/11/23;;;Jessica Gerald;Gustavo Albuquerque;R$7.307,04;Nov/23;R$0,00;
;Novembro 23;Institucional;REN0137- RNT-INSTITUCIONAL-H1st Vision-social;Video Broadcast;0;4;0;0;Entregue;08/11/23;09/11/23;;;Jéssica Gerald;Jessica Alencar;R$11.151,20;Nov/23;R$0,00;
;Novembro 23;Institucional;REN0138-RNT-Institucional-Renault Internacional Game Plan 2027;Video Broadcast;0;1;0;0;Entregue;16/11/23;17/11/23;;;Jéssica Gerald;Fabiana Delboni;R$21.750,37;Nov/23;R$0,00;
;Novembro 23;Oroch;REN0139-RNT -OROCH OOH OFERTA;Video no Broadcast;13;13;;0;Entregue;16/11/23;17/11/23;;;Jéssica Gerald;Fabiana Delboni;R$13.421,67;Nov/23;R$0,00;
;Novembro 23;Pós-vendas;REN0140-RNT-Promoção Motrio Animação;Video no Broadcast;0;2;0;0;Entregue;16/11/23;17/11/23;;;Jéssica Gerald;Fabiana Delboni;R$3.201,83;Nov/23;R$0,00;
;Novembro 23;Megane E-tech;REN0141-RNT-ANÚNCIO DUPLA THE PRESIDENT MEGANE;Double Page;0;0;1;0;Entregue;17/11/23;21/11/23;;;Marilete Botelho;Fabiana Delboni;R$1.668,03;Nov/23;R$0,00;
;Novembro 23;Institucional;REN0142-RNT-Renault Master E-tech;Video Broadcast;0;3;0;0;Entregue;17/11/23;17/11/23;;;Jéssica Gerald;Jessica Alencar;R$9.384,68;Nov/23;R$0,00;
;Novembro 23;Pós-vendas;REN0143- RNT-Pós Vendas Anúncios Dezembro;Single Page;0;0;2;0;Entregue;23/11/23;24/11/23;;;Jessica Gerald;Fabiana Delboni;R$2.093,86;Nov/23;R$0,00;
;Novembro 23;Institucional;REN0144- RNT-Renault Master E-tech 2;Video Broadcast;0;2;0;0;Entregue;23/11/23;23/11/23;;;Jéssica Gerald;Jessica Alencar;R$8.943,05;Nov/23;R$0,00;
;Dezembro 23;Oroch;REN0146 - RNT-OROCH-BUY-NOVA LINHA CRIATIVA;"Static Banners
Video Broadcast";14;3;0;0;Entregue;27/11/23;28/11/23;;;Jéssica Gerald;Leandro Neublum;R$4.780,66;Nov/23;R$0,00;
;Dezembro 23;Oroch;REN0147-RNT-OROCH-SHOP-NOVA LINHA CRIATIVA;"Static Banners
Video no Broadcast";32;12;0;0;Entregue;27/11/23;30/11/23;;;Jéssica Gerald;Leandro Neublum;R$17.091,15;Nov/23;R$0,00;
;Dezembro 23;Oroch;REN0148-RNT-OROCH-LEARN-NOVA LINHA CRIATIVA;"Static Banners
Video Broadcast";19;2;0;0;Entregue;27/11/23;01/12/23;;;Marilete Botelho;Leandro Neublum;R$6.469,91;Nov/23;R$0,00;
;Novembro 23;Kwid;REN0149-RNT-KWID-LEAD ADS-ANIMADO;Video Broadcast;0;1;0;0;Entregue;28/11/23;28/11/23;;;Jéssica Gerald;Leandro Neublum;R$717,65;Nov/23;R$0,00;
;Novembro 23;Megane E-tech;REN0150-RNT - Megane Anúncio AutoEsporte;Double Page;0;0;1;0;Entregue;29/11/23;29/11/23;;;Jessica Gerald;Fabiana Delboni;R$1.668,03;Nov/23;R$0,00;
;Novembro 23;Megane E-tech;REN0151-RNT-Megane Displays AutoEsporte;Static Banners;4;0;0;0;Entregue;29/11/23;30/11/23;;;Jessica Gerald;Fabiana Delboni;R$750,77;Nov/23;R$0,00;
;Dezembro 23;Pós-vendas;REN0152-RNT-Peças Promoção Motrio;"Static Banners
Video no Broadcast";6;2;0;0;Entregue;04/12/23;04/12/23;;;Jessica Gerald;Fabiana Delboni;R$2.085,92;Dez/23;;
;Dezembro 23;Megane E-tech;REN0153-RNT-Megane Anúncio AutoEsporte 25 anos;Double Page;0;0;1;0;Entregue;04/12/23;04/12/23;;;Jessica Gerald;Fabiana Delboni;R$1.239,97;Dez/23;;
;Dezembro 23;Megane E-tech;REN0154-RNT-Megane Anúncio Top Magazine;Double Page;0;0;1;0;Entregue;06/12/23;07/12/23;;;Jessica Gerald;Fabiana Delboni;R$1.239,97;Dez/23;;
;Dezembro 23;Kwid;"REN0155-RNT-FILME KWID 15""-OFERTA DEZEMBRO (1X1)";Video no Broadcast;0;1;0;0;Entregue;07/12/23;08/12/23;;;Marilete Botelho;Gustavo Albuquerque;R$1.600,92;Dez/23;;
;Dezembro 23;Institucional;REN0156-RNT-Post Global Retrospectiva Spotify;Video no Broadcast;0;5;0;0;Entregue;07/12/23;07/12/23;;;Jéssica Gerald;Jessica Alencar;R$8.004,58;Dez/23;;
;Dezembro 23;Kwid;REN0157-RNT-KWID-PH2-ONE-VIDEOS;Video no Broadcast;0;14;0;0;Entregue;11/12/23;11/12/23;;;Marilete Botelho;Gustavo Albuquerque;R$22.412,82;Dez/23;;
;Dezembro 23;Kardian;REN0158-RNT - Kardian Desdobramento;"Static Banners
Video no Broadcast";28;6;0;0;Entregue;11/12/23;27/12/23;;;Jessica Gerald;Fabiana Delboni;R$9.323,56;Jan/24;;
;Dezembro 23;Pós-vendas;REN0161-RNT-PV ANIMAÇÃO FB CAMPANHA FÉRIAS;Video no Broadcast;0;0;0;0;Cancelado;14/12/23;14/12/23;;;Marilete Botelho;Fabiana Delboni;R$0,00;Jan/24;;
;Dezembro 23;Pós-vendas;REN0162-RNT-PV Desdobramento Campanha Férias;Static Banners;14;0;0;0;Entregue;14/12/23;15/12/23;;;Marilete Botelho;Fabiana Delboni;R$2.310,68;Dez/23;;
;Dezembro 23;Duster;REN0164-RNT-DUSTER-PEÇAS-BUY-DEZEMBRO;"Static Banners
Video no Broadcast";20;8;0;0;Entregue;18/12/23;19/12/23;;;Jessica Gerald;Gustavo Albuquerque;R$7.909,94;Dez/23;;
;Dezembro 23;Pós-vendas;REN0165 - RNT - Pós Vendas Peças E-commerce;Static Banners;5;0;0;0;Entregue;22/12/23;26/12/23;;;Jéssica Gerald;Fabiana Delboni;R$542,18;Jan/24;;
;Dezembro 23;Kwid;REN0166-RNT-KWID-PH2-FAST-START-DIGITAL;"Digital Standard HTML
Rich Media Banners";19;6;0;0;Entregue;26/12/23;26/12/23;;;Marilete Botelho;Fabiana Delboni;R$15.346,71;Jan/24;;
;Dezembro 23;Oroch;REN0167-RNT-OROCH-Peças Digitais-BUY;Static Banners;5;2;0;0;Cancelado;26/12/23;27/12/23;;;Marilete Botelho;Fabiana Delboni;R$0,00;Jan/24;;
;Dezembro 23;Kardian;REN0168-RNT-PEÇAS FASE BUY KARDIAN;Static Banners;8;0;0;0;Entregue;28/12/23;29/12/23;;;Marilete Botelho;Fabiana Delboni;R$1.501,55;Jan/24;;
;Dezembro 23;Oroch;REN0169-RNT-OROCH-Peças-Digitais BUY-Desdobramento;Static Banners;16;2;0;0;Entregue;29/12/23;02/01/24;;;Jessica Gerald;Gustavo Albuquerque;R$3.170,29;Jan/24;;
;;;2024;;2270;574;84;0;;;;;;;;ORÇAMENTO;;;
;Janeiro 24;Duster;REN0170-RNT-DUSTER-PEÇAS-MÍDIA-JANEIRO;"Digital Standard HTML
Rich Media Banners
Static Banners";214;44;0;0;Entregue;05/01/2024;09/01/2024;09/01/2024;0;Jessica Gerald;Gustavo Albuquerque;R$82.128,15;Jan/24;;
;Janeiro 24;Kardian;REN0171 - RNT - Animação Displays Learn Kardian;Digital Standard HTML;0;5;0;0;Entregue;09/01/2024;09/01/2024;09/01/2024;0;Jessica Gerald;Fabiana Delboni;R$1.048,88;Jan/24;;
;Janeiro 24;Oroch;REN0172-RNT-Animação  Recall Oroch;Digital Standard HTML;0;6;0;0;Cancelado;09/01/2024;10/01/2024;09/01/2024;1;Jéssica Gerald;Jessica Alencar;;Jan/24;;
;Janeiro 24;Duster;REN0173 - RNT-DUSTER-FACELIFT-STORIES1;Video no Broadcast;0;1;0;0;Entregue;10/01/2024;10/01/2024;10/01/2024;0;Jessica Gerald;Gustavo Albuquerque;R$717,65;Jan/24;;
;Janeiro 24;Duster;REN0174-RNT-DUSTER-LEARN-DESDOB-JAN;"Digital Standard HTML
Static Banners";12;0;0;0;Entregue;12/01/2024;12/01/2024;12/01/2024;0;Jéssica Gerald;Gustavo Albuquerque;R$2.384,81;Jan/24;;
;Janeiro 24;Duster;REN0175-RNT-DUSTER-PEÇAS-GENERICAS-BUY;Video no Broadcast;0;2;0;0;Entregue;15/01/2024;16/01/2024;15/01/2024;1;Jessica Gerald;Gustavo Albuquerque;R$1.435,30;Jan/24;;
;Janeiro 24;Megane E-tech;REN0176-RNT-MEGANE-ANUÁRIO-ADVBPR;Double Page;0;0;1;0;Entregue;16/01/2024;16/01/2024;16/01/2024;0;Jessica Gerald;Raquel Dias;R$1.239,97;Jan/24;;
;Janeiro 24;Megane E-tech;REN0177- RNT-MEGANE-ANUNCIO-ANFAVEA;Double Page;0;0;1;0;Entregue;16/01/2024;31/01/2024;17/01/2024;14;Jessica Gerald;Raquel Dias;R$1.239,97;Jan/24;;
;Janeiro 24;Kwid;REN0178-RNT-RDEMOS-KWID-PH2-AJUSTES 2;Video no Broadcast;0;36;0;0;Entregue;22/01/2024;24/01/2024;26/01/2024;-2;Jessica Gerald;Gustavo Albuquerque;R$29.810,15;Jan/24;;
;Janeiro 24;Oroch;REN0179-RNT-OROCH-PEÇAS ANIMADAS-SHOP-JAN;Video no Broadcast;0;2;0;0;Entregue;26/01/2024;26/01/2024;26/01/2024;0;Jessica Gerald;Gustavo Albuquerque;R$1.435,30;Jan/24;;
;Fevereiro 24;Kwid;REN0180-RNT-KWID-ICE-PEÇAS-BUY-FEV;"Rich Media Banners
Static Banners
Video no Broadcast";33;2;0;0;Entregue;30/01/2024;02/02/2024;02/02/2024;0;Jessica Gerald;Gustavo Albuquerque;R$7.731,32;Fev/24;;
;Fevereiro 24;Kwid;REN0181-RNT-KWID-AJUSTES-TVC-2024;Video no Broadcast;0;6;0;0;Entregue;31/01/2024;05/02/2024;02/02/2024;3;Jessica Gerald;Gustavo Albuquerque;R$5.299,58;Fev/24;;
;Fevereiro 24;Megane E-tech;REN0182-RNT-MEGANE-PAGINA-DUPA-ANUARIO RL;Double Page;0;0;1;0;Entregue;30/01/2024;31/01/2024;01/02/2024;-1;Jéssica Gerald;Raquel Dias;R$1.239,97;Fev/24;;
;Fevereiro 24;Pós-vendas;REN0183-RNT-Pós Vendas Novas Ofertas Mecânicos;Static Banners;10;0;0;0;Entregue;01/02/2024;02/02/2024;02/02/2024;0;Jessica Gerald;Fabiana Delboni;R$1.084,36;Fev/24;;
;Fevereiro 24;Pós-vendas;REN0184-RNT-Pós Vendas Ofertas E-commerce;Static Banners;15;0;0;0;Entregue;01/02/2024;02/02/2024;02/02/2024;0;Jessica Gerald;Fabiana Delboni;R$1.626,55;Fev/24;;
;Fevereiro 24;Oroch;REN0185-RNT-OROCH-PEÇAS-BUY-FEVEREIRO;"Rich Media Banners
Static Banners
Video no Broadcast";25;2;0;0;Entregue;05/02/2024;06/02/2024;06/02/2024;0;Jessica Gerald;Gustavo Albuquerque;R$6.819,27;Fev/24;;
;Fevereiro 24;Duster;REN0186-RNT-DUSTER-BUY-FEVEREIRO;"Rich Media Banners
Static Banners
Video no Broadcast";25;2;0;0;Entregue;05/02/2024;06/02/2024;06/02/2024;0;Jéssica Gerald;Raquel Dias;R$6.819,27;Fev/24;;
;Fevereiro 24;Duster;REN0187-RNT- DUSTER-LEANR-PECAS-ADICIONAIS-FEVEREIRO;"Digital Standard HTML
Static Banners";1;0;0;0;Entregue;06/02/2024;07/02/2024;07/02/2024;0;Jéssica Gerald;Raquel Dias;R$209,78;Fev/24;;
;Fevereiro 24;Kwid E-Tech;REN0189-RNT-KWID-E-TECH-BUY-FEVEREIRO;"Rich Media Banners
Static Banners
Video no Broadcast";25;2;0;0;Entregue;07/02/2024;19/02/2024;15/02/2024;4;Jéssica Gerald;Raquel Dias;R$6.819,27;Fev/24;;
;Fevereiro 24;Kardian;REN0190- Kardian Desdobramento Pré Vendas;"Digital Standard HTML
Static Banners";43;0;0;0;Entregue;09/02/2024;14/02/2024;12/02/2024;2;Jessica Gerald;Fabiana Delboni;R$14.231,59;Fev/24;;
;Fevereiro 24;Institucional;Campanha Brand Campaign;Video no Broadcast;0;1;0;0;Cancelado;09/02/2024;09/02/2024;09/02/2024;0;Jéssica Gerald;Jessica Alencar;R$0,00;Fev/24;;
;Fevereiro 24;Megane E-tech;REN0192-RNT-MEGANE-AUTOMOTIVE-BUSINESS-FEVEREIRO;"Digital Standard HTML
Rich Media Banners";3;0;0;0;Entregue;09/02/2024;09/02/2024;09/02/2024;0;Jéssica Gerald;Raquel Dias;R$325,31;Fev/24;;
;Fevereiro 24;Kardian;REN0193-RNT-Kardian Vídeos Pré Venda;Video no Broadcast;0;14;0;0;Entregue;12/02/2024;12/02/2024;12/02/2024;0;Jéssica Gerald;Fabiana Delboni;R$10.709,57;Fev/24;;
;Fevereiro 24;Megane E-tech;"REN0194-RNT-MEGANE-FILME-TVC-30""-LOGO";Video Broadcast;0;1;0;0;Entregue;14/02/2024;14/02/2024;15/02/2024;-1;Jéssica Gerald;Raquel Dias;R$1.545,71;Fev/24;;
;Fevereiro 24;Institucional;REN0195-Brand Campaing - Filme Teaser Kardian Novo Dia;Video Broadcast;0;1;0;0;Entregue;16/02/2024;16/02/2024;16/02/2024;0;Jéssica Gerald;Cintia Ramos;R$1.545,71;Fev/24;;
;Fevereiro 24;Institucional;REN0196 - RNT - Filme Teaser Kardian 45´e 15´;Video Broadcast;0;4;0;0;Entregue;19/02/2024;19/02/2024;19/02/2024;0;Jéssica Gerald;Cintia Ramos;R$4.029,89;Fev/24;;
;Fevereiro 24;Institucional;REN0197- RNT- Desdobramentos Filme Teaser Kardian - Brand C;Video Broadcast;4;19;0;0;Entregue;19/02/2024;20/02/2024;20/02/2024;0;Jéssica Gerald;Cintia Ramos;R$22.515,34;Fev/24;;
;Fevereiro 24;Kardian;REN0200 - RNT - Kardian Banners WebMotors;Digital Standard HTML;3;0;0;0;Entregue;21/02/2024;21/02/2024;21/02/2024;0;Jessica Gerald;Fabiana Delboni;R$325,31;Fev/24;;
;Fevereiro 24;Duster;"REN0201-RNT-Duster-File-TVC-novas-imagens 30""";Video Broadcast;0;1;0;0;Entregue;21/02/2024;22/02/2024;23/02/2024;-1;Jéssica Gerald;Raquel Dias;R$2.208,16;Fev/24;;
;Fevereiro 24;Kwid;REN0202-KWID-RDEMOS-LOGO-125-ANOS;Video no Broadcast;0;36;0;0;Entregue;23/02/2024;26/02/2024;26/02/2024;0;Jessica Gerald;Gustavo Albuquerque;R$29.810,15;Fev/24;;
;Fevereiro 24;Duster;REN0203-RNT_DUSTER_PEÇAS_BUY_MARÇO;"Rich Media Banners
Static Banners
Video no Broadcast";25;2;0;0;Entregue;28/02/2024;29/02/2024;29/02/2024;0;Jéssica Gerald;Raquel Dias;R$6.819,27;Fev/24;;
;Fevereiro 24;Kwid;REN0204-RNT_KWID_ANUNCIO_ALBA;Single Page;0;0;1;0;Entregue;01/03/2024;01/03/2024;01/03/2024;0;Jéssica Gerald;Raquel Dias;R$853,89;Mar/24;;
;Março 24;Duster;REN0205_RNT_DUSTER_PEÇAS_BUY_MARÇO_ADICIONAIS;Digital Standard HTML;6;0;0;0;Entregue;04/03/2024;04/03/2024;04/03/2024;0;Jéssica Gerald;Raquel Dias;R$2.384,81;Mar/24;;
;Março 24;Kardian;REN0206-RNT-PV Mecânicos Novas Ofertas;Static Banners;15;0;0;0;Entregue;05/03/2024;06/03/2024;05/03/2024;1;Jessica Gerald;Fabiana Delboni;R$1.626,55;Mar/24;;
;Março 24;Kardian;REN0207-RNT-Vídeos Kardian Lançamento;"Video Broadcast
Video no Broadcast";0;4;0;0;Entregue;07/03/2024;07/03/2024;08/03/2024;-1;Jessica Gerald;Fabiana Delboni;R$73.973,34;Mar/24;;
;Março 24;Institucional;REN0209-RNT-R talks;Video Broadcast;0;9;0;0;Entregue;11/03/2024;11/03/2024;14/03/2024;-3;Jessica Gerald;Cintia Ramos;R$38.974,01;Mar/24;;
;Março 24;Duster;REN0210-RNT-DUSTER-RDEMOS-MARÇO;Video no Broadcast;0;6;0;0;Entregue;13/03/2024;12/04/2024;11/04/2024;1;Jéssica Gerald;Raquel Dias;R$9.936,72;Mar/24;;
;Março 24;Master;REN0211-RNT-MASTER-ANUNCIO-PREMIO-LOTUS;Double Page;0;0;1;0;Entregue;14/03/2024;15/03/2024;15/03/2024;0;Jéssica Gerald;Raquel Dias;R$1.239,97;Mar/24;;
;Março 24;Kardian;REN0213-RNT-Lançamento Kardian Desdobramento;"Digital Standard HTML
Double Page
Static Banners";31;29;6;0;Entregue;15/03/2024;18/03/2024;17/03/2024;1;Jessica Gerald;Fabiana Delboni;R$27.033,12;Mar/24;;
;Março 24;Kardian;REN0214-RNT - Kardian Lançamento OOH;OOH Static;51;21;0;0;Entregue;15/03/2024;28/03/2024;19/03/2024;9;Jessica Gerald;Fabiana Delboni;R$58.262,28;Mar/24;;
;Março 24;Kwid E-Tech;REN0215-RNT-RENAULT-KWID-ETECH-RDEMOS-WEBMOTORS;Video no Broadcast;0;1;0;;Entregue;25/03/2024;18/04/2024;18/04/2024;0;Jéssica Gerald;Raquel Dias;R$1.380,10;Mar/24;;
;Março 24;Kwid;REN0216-RENAULT-RNT-KWID-ICE-DIGITAL-TVCS;Video no Broadcast;0;6;0;0;Entregue;25/03/2024;19/04/2024;19/04/2024;0;Jéssica Gerald;Raquel Dias;R$11.261,61;Mar/24;;
;Março 24;Kwid;REN0217-RNT- KWID-ICE-LEARN SHOP-DEDOBRAMENTOS;"Digital Standard HTML
Double Page
OOH Static";31;4;0;0;Entregue;27/03/2024;01/04/2024;08/04/2024;-7;Jéssica Gerald;Raquel Dias;R$6.941,51;Abr/24;;
;Março 24;Institucional;REN0218-RNT-ECOSSISTEMA-TENIS;Video no Broadcast;0;8;0;0;Entregue;27/03/2024;28/03/2024;28/03/2024;0;Jéssica Gerald;Jessica Alencar;R$5.741,21;Abr/24;;
;Março 24;Kwid E-Tech;REN0219 - RNT - KWID - ETECH - BUY - DESDOBRAMENTOS - MARÇO;"Digital Standard HTML
Static Banners
Video no Broadcast";18;2;0;0;Entregue;27/03/2024;01/04/2024;28/03/2024;4;Jéssica Gerald;Raquel Dias;R$4.935,63;Abr/24;;
;Março 24;Duster;REN0220 - RNT - DUSTER - BUY -DESDOBRAMENTOS - ABRIL;"Digital Standard HTML
Rich Media Banners
Video no Broadcast";29;3;0;0;Entregue;27/03/2024;10/04/2024;10/04/2024;0;Jéssica Gerald;Raquel Dias;R$6.412,34;Abr/24;;
;Março 24;Duster;REN0221-RNT-DUSTER-TVC-DESDOBRAMENTOS-ABRIL;Video no Broadcast;0;2;0;0;Entregue;27/03/2024;18/04/2024;01/04/2024;17;Jéssica Gerald;Raquel Dias;R$6.624,48;Mai/24;;
;Março 24;Kardian;REN0224-RNT-Kardian Lançamento Fase Shop;"Digital Standard HTML
Static Banners";346;0;0;0;Entregue;28/03/2024;16/04/2024;16/04/2024;0;Jéssica Gerald;Fabiana Delboni;R$67.448,23;Abr/24;;
;Março 24;Kardian;REN0225- RNT - Kardian Lançamento Fase Buy;Digital Standard HTML;12;0;0;0;Entregue;28/03/2024;01/04/2024;03/04/2024;-2;Jéssica Gerald;Fabiana Delboni;R$1.605,25;Abr/24;;
;Abril 24;Kwid E-Tech;REN0226-RNT-KWID-ETECH-SHOP_LEARN-DESDOBRAMENTOS -MARÇO;"Digital Standard HTML
Rich Media Banners
Static Banners";82;2;0;0;Entregue;01/04/2024;02/04/2024;03/04/2024;-1;Jéssica Gerald;Raquel Dias;R$15.715,00;Abr/24;;
;Abril 24;Kardian;REN0227-RNT-KARDIAN-COMUNICACAO-ABRIL;"Double Page
Rich Media Banners";6;0;2;0;Entregue;01/04/2024;05/04/2024;05/04/2024;0;Jéssica Gerald;Gustavo Albuquerque;R$3.434,58;Abr/24;;
;Março 24;Kwid;REN0228-RNT- KWID-ICE-BUY-DEDOBRAMENTOS;"Digital Standard HTML
Rich Media Banners
Video no Broadcast";20;0;2;0;Entregue;10/04/2024;11/04/2024;08/04/2024;3;Jéssica Gerald;Raquel Dias;R$8.057,42;Abr/24;;
;Abril 24;Pós-vendas;REN0229-RNT-PÓS VENDAS-OFERTAS E-COMMERCE;Static Banners;3;0;0;0;Entregue;03/04/2024;03/04/2024;03/04/2024;0;Marilete Botelho;Fabiana Delboni;R$325,31;Abr/24;;
;Abril 24;Pós-vendas;REN0230-RNT-PÓS VENDAS-OFERTAS MECÂNICOS;Static Banners;30;0;0;0;Entregue;03/04/2024;03/04/2024;03/04/2024;0;Marilete Botelho;Fabiana Delboni;R$3.253,09;Abr/24;;
;Abril 24;Kardian;REN0231-RNT - Kardian Lançamento Adsmovil Buy;Static Banners;6;0;0;0;Entregue;08/04/2024;08/04/2024;11/04/2024;-3;Jessica Gerald;Fabiana Delboni;R$650,62;Abr/24;;
;Abril 24;Oroch;REN0232-RNT-OROCH-PEÇAS_DIGITAIS-BUY-ABRIL;"Digital Standard HTML
Rich Media Banners
Static Banners";23;0;0;0;Entregue;09/04/2024;10/04/2024;09/04/2024;1;Jessica Gerald;Gustavo Albuquerque;R$3.460,11;Abr/24;;
;Abril 24;Kardian;REN0235-KARDIAN-PG.D.-CAR-MAGAZINE;Double Page;0;0;1;0;Entregue;12/04/2024;15/04/2024;12/04/2024;3;Jessica Gerald;Gustavo Albuquerque;R$1.239,97;Abr/24;;
;Abril 24;Kardian;REN0234-RNT-Kardian Lançamento OOH;Video no Broadcast;;13;;;Cancelado;11/04/2024;11/04/2024;11/04/2024;0;Jessica Gerald;Fabiana Delboni;R$0,00;Mai/24;;
;Abril 24;Kwid;REN0236-RENAULT-RNT-KWID-ICE-DIGITAL-TVCS;Video no Broadcast;0;3;0;0;Cancelado;15/04/2024;15/04/2024;15/04/2024;0;Jessica Gerald;Raquel Dias;R$0,00;Mai/24;;
;Abril 24;Kwid E-Tech;REN0237-RNT-KWID-E-TECH-PEÇAS ADICIONAIS-LEARN-SHOP;"Digital Standard HTML
Static Banners";4;3;0;0;Entregue;16/04/2024;17/04/2024;16/04/2024;1;Jéssica Gerald;Raquel Dias;R$5.607,15;Abr/24;;
;Abril 24;Kardian;REN0238-Kardian-TVC-25+5;Video Broadcast;0;2;0;0;Entregue;16/04/2024;17/04/2024;16/04/2024;1;Jéssica Gerald;Gustavo Albuquerque;R$3.091,42;Abr/24;;
;Abril 24;Kardian;REN0239-Kardian-Oferta-Especial-Digital;"Digital Standard HTML
Rich Media Banners
Static Banners";16;0;0;0;Entregue;18/04/2024;19/04/2024;19/04/2024;0;Jessica Gerald;Gustavo Albuquerque;R$2.039,00;Abr/24;;
;Abril 24;Kardian;REN0240 - RNT - Kardian R:Demos;Video Broadcast;0;18;0;0;Entregue;19/04/2024;24/04/2024;23/04/2024;1;Jessica Gerald;Fabiana Delboni;R$27.822,81;Abr/24;;
;Abril 24;Kwid E-Tech;REN0241-RNT_KWID E-TECH_RDEMOS_WEBMOTORS;Video no Broadcast;0;1;0;0;Entregue;22/04/2024;22/04/2024;22/04/2024;0;Jéssica Gerald;Raquel Dias;R$1.380,10;Abr/24;;
;Abril 24;Kwid;REN0242-RENAULT-RNT-KWID-ICE-DIGITAL-TVCS;Video no Broadcast;0;12;0;0;Entregue;23/04/2024;06/05/2024;29/04/2024;7;Jéssica Gerald;Raquel Dias;R$7.286,93;Abr/24;;
;Abril 24;Kwid;REN0243-KWID-RDEMOS-LOGO-125-ANOS;Video no Broadcast;0;36;0;0;Entregue;24/04/2024;16/05/2024;10/05/2024;6;Jessica Gerald;Raquel Dias;R$8.611,82;Abr/24;;
;Abril 24;Oroch;REN0244-Oroch-Peças-Genéricas;Rich Media Banners;2;0;0;0;Entregue;24/04/2024;24/04/2024;25/04/2024;-1;Jessica Gerald;Gustavo Albuquerque;R$419,55;Abr/24;;
;Abril 24;Institucional;REN0245-Roland-Garros-Filmes;"Video Broadcast
Video no Broadcast";0;6;0;0;Entregue;16/04/2024;17/04/2024;26/04/2024;-9;Jessica Gerald;Gustavo Albuquerque;R$10.047,12;Abr/24;;
;Abril 24;Kwid;REN0246-RNT-KWID-ICE-DESDOBRAMENTOS-PEÇAS-BUY-MARÇO;"Digital Standard HTML
Rich Media Banners
Video Broadcast";25;3;0;0;Entregue;26/04/2024;06/05/2024;03/05/2024;3;Jéssica Gerald;Raquel Dias;R$8.831,06;Mai/24;;
;Abril 24;Institucional;"REN0247-RNT-Roland Garros Filme 60""";Video no Broadcast;0;1;0;0;Entregue;29/04/2024;30/04/2024;30/04/2024;0;Jéssica Gerald;Jenifer Almeida;R$2.870,61;Abr/24;;
;Abril 24;Duster;REN0248-RNT-DUSTER RECALL ANÚNCIOS;Single Page;0;0;28;0;Entregue;30/04/2024;02/05/2024;02/05/2024;0;Marilete Botelho;Fabiana Delboni;R$23.908,95;Mai/24;;
;Abril 24;Duster;REN0249-RNT-DUSTER RECALL DISPLAYS;Static Banners;13;0;0;0;Entregue;30/04/2024;02/05/2024;02/05/2024;0;Leonardo Ricciardi;Fabiana Delboni;R$1.409,67;Abr/24;;
;Abril 24;Kardian;REN0250-RNT-KARDIAN-MAIO-DIGITAL-TAXA;Static Banners;12;2;0;0;Entregue;03/05/2024;06/05/2024;03/05/2024;3;Leonardo Ricciardi;Gustavo Albuquerque;R$4.807,08;Mai/24;;
;Maio 24;Institucional;REN0251-RNT-MONTAGEM TERRÃO;Video Broadcast;0;2;1;0;Entregue;03/05/2024;03/05/2024;06/05/2024;-3;Leonardo Ricciardi;Jenifer Almeida;R$5.185,23;Mai/24;;
;Abril 24;Duster;REN0252-RNT-DUSTER-PEÇAS-LEARN-FORMATOS-ADICIONAIS;Static Banners;5;0;0;0;Entregue;02/05/2024;06/05/2024;06/05/2024;0;Marilete Botelho;Raquel Dias;R$542,18;Mai/24;;
;Maio 24;Kardian;REN0253-RNT-KARDIAN-MAIO-DIGITAL-PARCELAS;"Digital Standard HTML
Rich Media Banners
Static Banners";26;2;0;;Entregue;06/05/2024;07/05/2024;07/05/2024;0;Leonardo Ricciardi;Gustavo Albuquerque;R$4.558,67;Mai/24;;
;Maio 24;Kwid;REN0254-RNT-KWID-ICE-DESOBRAMENTOS ADICIONAIS-DIGITAL;"Digital Standard HTML
Static Banners
Video no Broadcast";55;1;0;0;Entregue;07/05/2024;09/05/2024;14/05/2024;-5;Ludmila Galanzauskas;Raquel Dias;R$6.681,65;Mai/24;;
;Maio 24;Duster;REN0256 - RNT-DUSTER-TVC-DESDOBRAMENTOS-ABRIL/MAIO- AJUSTE;"Digital Standard HTML
Rich Media Banners
Video no Broadcast";0;2;0;0;Entregue;08/05/2024;21/05/2024;14/05/2024;7;Jessica Gerald;Raquel Dias;R$2.760,20;Mai/24;;
;Maio 24;Duster;REN0257-RNT-DUSTER-RDEMOS-DESDOBRAMENTOS-ABRIL/MAIO;"Digital Standard HTML
Single Page
Static Banners
Video no Broadcast";0;6;0;0;Entregue;08/05/2024;10/06/2024;06/06/2024;4;Jéssica Gerald;Raquel Dias;R$6.293,25;Mai/24;;
;Maio 24;Kwid E-Tech;REN0259-RNT-KWID-ETECH-PEÇAS-DIGITAIS-SELO-QUATRO-RODAS-LEANR/SHOP;"Digital Standard HTML
Static Banners
Video no Broadcast";15;2;0;0;Entregue;09/05/2024;10/05/2024;17/05/2024;-7;Leonardo Ricciardi;Raquel Dias;R$31.361,78;Mai/24;;
;Maio 24;Pós-vendas;REN0260-RNT-PV Vídeos Mecânicos Shop;Video no Broadcast;0;2;0;0;Entregue;10/05/2024;13/05/2024;15/05/2024;-2;Ludmila Galanzauskas;Fabiana Delboni;R$1.435,30;Mai/24;;
;Maio 24;Kardian;REN0262-Kardian-Buy-OLX-Maio;Digital Standard HTML;2;0;0;0;Entregue;14/05/2024;14/05/2024;15/05/2024;-1;Ludmila Galanzauskas;Gustavo Albuquerque;R$419,55;Mai/24;;
;Maio 24;Kwid;REN0263-RNT-RDEMOS-LOGO-125-ANOS;Video no Broadcast;0;24;0;0;Entregue;20/05/2024;14/06/2024;07/06/2024;7;Jéssica Gerald;Raquel Dias;R$31.361,78;Mai/24;R$8.611,82;
;Maio 24;Kwid;REN0264-RNT-KWID-ICE-DIGITAL-TVCS;Video no Broadcast;0;12;0;0;Entregue;20/05/2024;21/05/2024;21/05/2024;0;Jessica Gerald;Raquel Dias;R$10.599,16;Mai/24;;
;Maio 24;Institucional;"REN0265-RNT-RG-ESPN-ADFLOATING-15""";Rich Media Banners;0;3;0;;Entregue;21/05/2024;22/05/2024;21/05/2024;1;Leonardo Ricciardi;Gustavo Albuquerque;R$2.152,96;Mai/24;;
;Maio 24;Master;REN0266-RNT-DIGITAL-DISPLAY-LEARN-SHOP-MAI/JUN;"Digital Standard HTML
Rich Media Banners
Static Banners
Video no Broadcast";16;2;0;0;Entregue;20/05/2024;21/05/2024;22/05/2024;-1;Jéssica Gerald;Raquel Dias;R$8.304,26;Mai/24;;
;Maio 24;Kangoo;REN0267-RNT-Kangoo Ice Desdobramento Lançamento;"Digital Standard HTML
Static Banners";54;0;0;0;Entregue;22/05/2024;24/05/2024;28/05/2024;-4;Jessica Gerald;Fabiana Delboni;R$7.375,65;Mai/24;;
;Maio 24;Pós-vendas;REN0268-RNT-PÓS VENDAS ANÚNCIO MOTRIO;Single Page;0;0;1;0;Entregue;28/05/2024;28/05/2024;28/05/2024;0;Jessica Gerald;Fabiana Delboni;R$853,89;Mai/24;;
;Julho 24;Kardian;REN0269-Kardian-Peças-Buy-Junho;"Rich Media Banners
Static Banners";9;2;0;0;Entregue;29/05/2024;03/06/2024;29/05/2024;5;Jessica Gerald;Gustavo Albuquerque;R$2.628,10;Mai/24;;
;Março 24;Master;REN0270-RNT-MASTER-DESDOBRAMENTOS-BUY-JUNHO;"Digital Standard HTML
Static Banners
Video no Broadcast";6;2;0;0;Entregue;29/05/2024;03/06/2024;03/06/2024;0;Jéssica Gerald;Raquel Dias;R$1.977,49;Mai/24;;
;Maio 24;Kangoo;REN0271-RNT-Kangoo Ice Desdobramento Lançamento - PARTE 2;"Static Banners
Video no Broadcast";21;6;0;0;Entregue;29/05/2024;29/05/2024;03/06/2024;-5;Jessica Gerald;Fabiana Delboni;R$7.233,69;Mai/24;;
;Março 24;Master;REN0272-RNT-MASTER-DESDOBRAMENTOS-DIGITAIS-SELO-LOTUS;"Digital Standard HTML
Rich Media Banners
Static Banners
Video no Broadcast";268;12;0;0;Entregue;29/05/2024;04/06/2024;05/06/2024;-1;Jéssica Gerald;Raquel Dias;R$37.672,77;Jun/24;;
;Junho 24;Master;REN0273-RNT-MASTER-RDEMOS-JUNHO;Video no Broadcast;0;4;0;0;Entregue;29/06/2024;18/07/2024;10/06/2024;38;Jessica Gerald;Raquel Dias;R$4.195,50;Jun/24;;
;Junho 24;Pós-vendas;REN0274-RNT-Pós Vendas Novas Ofertas Mecânicos;Static Banners;20;0;0;0;Entregue;04/06/2024;05/06/2024;05/06/2024;0;Jessica Gerald;Fabiana Delboni;R$2.168,73;Jun/24;;
;Junho 24;Kardian;REN0275-Kardian-OLX-Buy-Junho;Digital Standard HTML;8;0;0;0;Entregue;05/06/2024;06/06/2024;06/06/2024;0;Jessica Gerald;Gustavo Albuquerque;R$1.272,85;Jun/24;;
;Junho 24;Kardian;REN0276-Kardian-Comparativo-4Rodas;"Rich Media Banners
Static Banners";35;6;0;0;Entregue;05/06/2024;06/06/2024;06/06/2024;0;Jessica Gerald;Gustavo Albuquerque;R$8.101,18;Jun/24;;
;Junho 24;Kangoo;REN0277-RNT -Lançamento Kangoo Carrossel Stories;Static Banners;9;0;0;0;Entregue;05/06/2024;05/06/2024;05/06/2024;0;Jessica Gerald;Fabiana Delboni;R$975,93;Jun/24;;
;Julho 23;Duster;REN0278-RNT-DUSTER-PEÇAS-DIGITAIS-ADSMOVIL-LEARN;"Digital Standard HTML
Rich Media Banners
Static Banners
Video no Broadcast";5;0;0;0;Entregue;05/06/2024;06/06/2024;07/06/2024;-1;Jéssica Gerald;Raquel Dias;R$1.048,88;Jun/24;;
;Junho 24;Kangoo;REN0279 - RNT - Kangoo Native Ads;Static Banners;1;0;0;0;Entregue;06/06/2024;06/06/2024;06/06/2024;0;Leonardo Ricciardi;Fabiana Delboni;R$108,44;Jun/24;;
;Junho 24;Pós-vendas;REN0280 - RNT - Pós Vendas Mecânicos fase shop;"Static Banners
Video no Broadcast";11;2;0;0;Entregue;06/06/2024;06/06/2024;06/06/2024;0;Leonardo Ricciardi;Fabiana Delboni;R$1.612,35;Jun/24;;
;Junho 24;Kangoo;REN0281 - RNT Kangoo Lançamento Displays Amazon;Static Banners;56;0;0;0;Entregue;06/06/2024;11/06/2024;11/06/2024;0;Leonardo Ricciardi;Fabiana Delboni;R$6.072,44;Jun/24;;
;Junho 24;Duster;REN0282 - RNT Recall Duster Ajuste Anúncio;"Double Page
Single Page";0;0;3;0;Entregue;07/06/2024;10/06/2024;10/06/2024;0;Jessica Gerald;Fabiana Delboni;R$2.947,76;Jun/24;;
;Junho 24;Pós-vendas;REN0283-RNT-Pós Vendas E-commerce Troca de Ofertas;Static Banners;25;0;0;0;Entregue;10/06/2024;11/06/2024;11/06/2024;0;Jessica Gerald;Fabiana Delboni;R$2.710,91;Jun/24;;
;Junho 24;Master;REN0284-RNT-MASTER-Peças-animadas-adicionais-junho;"Digital Standard HTML
Video no Broadcast";0;21;0;0;Entregue;11/06/2024;19/06/2024;18/06/2024;1;Jéssica Gerald;Raquel Dias;R$15.287,56;Jun/24;;
;Junho 24;Duster;REN0285-RNT-DUSTER-RDEMOS-DESDOBRAMENTOS-JUNHO;Video no Broadcast;0;6;0;0;Entregue;12/06/2024;17/06/2024;17/06/2024;0;Jéssica Gerald;Raquel Dias;R$6.293,25;Jun/24;;
;Junho 24;Kangoo;REN0286-RNT-Kangoo Ice Desdobramento Lançamento;Static Banners;3;0;0;0;Entregue;13/06/2024;13/06/2024;13/06/2024;0;Jessica Gerald;Fabiana Delboni;R$325,31;Jun/24;;
;Junho 24;Kangoo;REN0287-RNT- Kangoo Logo Renault Native;Static Banners;1;0;0;0;Entregue;14/06/2024;14/06/2024;14/06/2024;0;Jessica Gerald;Fabiana Delboni;R$108,44;Jun/24;;
;Junho 24;Master;REN0288-RNT-MASTER-PEÇAS-DIGITAIS-ESTADÃO-JUNHO;"Rich Media Banners
Static Banners";40;0;0;0;Entregue;18/06/2024;19/06/2024;19/06/2024;0;Jéssica Gerald;Raquel Dias;R$4.337,46;Jun/24;;
;Junho 24;"Kardian
Master";REN0289-RNT - Kardian-OPA;"Double Page
Single Page
Video no Broadcast";2;0;2;0;Entregue;19/06/2024;19/06/2024;19/06/2024;0;Jessica Gerald;Gustavo Albuquerque;R$3.529,17;Jun/24;;
;Junho 24;Kangoo;REN0290-RNT- Kangoo Display PEGN;Digital Standard HTML;1;0;0;0;Entregue;19/06/2024;19/06/2024;19/06/2024;0;Jessica Gerald;Fabiana Delboni;R$318,21;Jun/24;;
;Junho 24;Kardian;REN0291-RNT-KARDIAN-LIBERAÇÃO-QUATRO-RODAS;Double Page;0;0;1;0;Entregue;20/06/2024;21/06/2024;20/06/2024;1;Jéssica Gerald;Raquel Dias;R$1.239,97;Jun/24;;
;Junho 24;Master;REN0292-RNT-MASTER-RDEMOS-DESDOBRAMENTOS-DIGITAIS;Video no Broadcast;0;4;0;0;Entregue;20/06/2024;25/06/2024;26/06/2024;-1;Jéssica Gerald;Raquel Dias;R$4.195,50;Jun/24;;
;Junho 24;Master;REN0293-RNT-MASTER-PEÇAS-GENÉRICAS-ANIMADAS-JULHO;Video no Broadcast;0;2;0;0;Entregue;20/06/2024;24/06/2024;24/06/2024;0;Jéssica Gerald;Raquel Dias;R$1.435,30;Jun/24;;
;Junho 24;Kardian;REN0294-KARDIAN-LEARN-COM-JUN;Digital Standard HTML;1;0;0;0;Entregue;21/06/2024;21/06/2024;21/06/2024;0;Jessica Gerald;Gustavo Albuquerque;R$318,21;Jun/24;;
;Junho 24;Master;REN0296-RNT-MASTER-PEÇAS-HTML-JUNHO;Digital Standard HTML;20;0;0;0;Entregue;21/06/2024;25/06/2024;28/06/2024;-3;Jéssica Gerald;Raquel Dias;R$4.195,50;Jun/24;;
;Junho 24;Kardian;REN0297-Kardian-Buy-Genéricas;Video no Broadcast;0;2;0;0;Entregue;21/06/2024;24/06/2024;26/06/2024;-2;Jessica Gerald;Gustavo Albuquerque;R$1.652,18;Jun/24;;
;Junho 24;Kangoo;REN0298-RNT- Kangoo Display PEGN SHOP;Digital Standard HTML;3;0;0;0;Entregue;24/06/2024;25/06/2024;26/06/2024;-1;Jessica Gerald;Fabiana Delboni;R$2.798,05;Jun/24;;
;Junho 24;Kwid;REN0299-RNT-KWID-ICE-BUY-OFERTAS-JULHO;"Digital Standard HTML
OOH Static
Rich Media Banners
Video no Broadcast";32;2;0;0;Entregue;24/06/2024;01/07/2024;28/06/2024;3;Jéssica Gerald;Raquel Dias;R$12.376,73;Jun/24;;
;Junho 24;Kardian;REN0300-Kardian-Learn-Shop-Selos;"Static Banners
Video no Broadcast";9;4;0;0;Entregue;25/06/2024;26/06/2024;26/06/2024;0;Jessica Gerald;Gustavo Albuquerque;R$3.846,53;Jun/24;;
;Julho 24;Kardian;REN0301-Kardian-Buy-Selos-Julho;"Static Banners
Video no Broadcast";23;0;0;0;Entregue;26/06/2024;28/06/2024;27/06/2024;1;Jessica Gerald;Gustavo Albuquerque;R$6.082,30;Jun/24;;
;Junho 24;Pós-vendas;REN0302-RNT-Finalização Anúncio Motrio;Single Page;0;0;1;0;Entregue;28/06/2024;28/06/2024;28/06/2024;0;Jessica Gerald;Raquel Dias;R$1.104,28;Jun/24;;
;Junho 24;Kardian;REN0303-RNT-Kardian Vídeos Régua Julho;Video no Broadcast;0;3;0;0;Entregue;28/06/2024;01/07/2024;28/06/2024;3;Jessica Gerald;Fabiana Delboni;R$2.152,96;Jun/24;;
;Julho 24;Megane E-tech;REN0304-RNT-Megane E-tech Desdobramento;"Digital Standard HTML
Static Banners
Video no Broadcast";75;0;0;0;Entregue;01/07/2024;04/07/2024;04/07/2024;0;Jessica Gerald;Fabiana Delboni;R$8.639,42;Jul/24;;
;Julho 23;Duster;REN0305-RNT-DUSTER-PEÇAS-BUY-GENÉRICAS;Video no Broadcast;0;2;0;0;Entregue;01/07/2024;02/07/2024;02/07/2024;0;Jéssica Gerald;Raquel Dias;R$1.435,30;Jul/24;;
;Julho 24;Kardian;REN0307-Kardian-OLX-Julho;Digital Standard HTML;4;0;0;0;Entregue;02/07/2024;03/07/2024;03/07/2024;0;Jessica Gerald;Gustavo Albuquerque;R$839,10;Jul/24;;
;Julho 23;Duster;REN0308-RNT-DUSTER-DESDOBRAMENTOS-BUY-JULHO;"Digital Standard HTML
Rich Media Banners
Static Banners
Video no Broadcast";24;2;0;0;Entregue;02/07/2024;12/07/2024;12/07/2024;0;Jéssica Gerald;Raquel Dias;R$7.422,57;Jul/24;;
;Julho 24;Megane E-tech;REN0309-RNT-Megante E-tech Fase Buy;Static Banners;3;0;0;0;Entregue;02/07/2024;03/07/2024;03/07/2024;0;Jessica Gerald;Raquel Dias;R$325,31;Jul/24;;
;Julho 24;Megane E-tech;REN0310-Megane E-Tech Filmes;Video no Broadcast;0;3;0;0;Entregue;03/07/2024;03/07/2024;03/07/2024;0;Jessica Gerald;Fabiana Delboni;R$2.815,40;Jul/24;;
;Julho 23;Kwid;REN0311-RNT-KWID-PEÇAS-BUY-GENÉRICAS;Video no Broadcast;0;2;0;0;Entregue;02/07/2024;03/07/2024;03/07/2024;0;Jéssica Gerald;Raquel Dias;R$1.435,30;Jul/24;;
;Julho 24;Kardian;REN0312-Kardian-Anúncios-Comunicação;Double Page;0;0;3;0;Entregue;03/07/2024;04/07/2024;04/07/2024;0;Jéssica Gerald;Gustavo Albuquerque;R$3.719,92;Jul/24;;
;Julho 24;Kardian;REN0313-RNT-Anúncios Recall Kardian;"Double Page
Single Page";0;0;20;0;Entregue;04/07/2024;05/07/2024;04/07/2024;1;Jéssica Gerald;Fabiana Delboni;R$17.077,82;Jul/24;;
;Julho 24;Kwid;REN0314-RNT-KWID-ICE-FLIGHT-JULHO-TV-OFERTAS;Video Broadcast;0;2;0;0;Entregue;05/07/2024;10/07/2024;08/07/2024;2;Jessica Gerald;Raquel Dias;R$3.091,42;Jul/24;;
;Julho 24;Megane E-tech;REN0315-RNT-Megane E-tech Finalização OOH e Anúncio;"Double Page
OOH Static";0;0;2;0;Entregue;08/07/2024;08/07/2024;08/07/2024;0;Jessica Gerald;Fabiana Delboni;R$2.243,20;Jul/24;;
;Julho 24;Kardian;REN0316-RNT-Kardian-Filme15-1280x720;Video no Broadcast;0;1;0;;Entregue;11/07/2024;11/07/2024;11/07/2024;0;Jessica Gerald;Gustavo Albuquerque;R$717,65;Jul/24;;
;Julho 23;Master;REN0317-RNT-MASTER-PEÇAS-ADICIONAIS-LEARN;Static Banners;2;0;0;0;Entregue;12/07/2024;12/07/2024;12/07/2024;0;Jéssica Gerald;Raquel Dias;R$216,87;Jul/24;;
;Julho 24;Kardian;REN0319-RNT-Kardian Filme Disney+;Video no Broadcast;0;1;0;0;Entregue;16/07/2024;16/07/2024;16/07/2024;0;Jessica Gerald;Fabiana Delboni;R$1.380,10;Jul/24;;
;Julho 23;Duster;REN0321-RNT-DUSTER-LEARN-SHOP-SEM-NOVO;"Digital Standard HTML
Rich Media Banners
Static Banners
Video no Broadcast";14;12;0;0;Entregue;17/07/2024;25/07/2024;24/07/2024;1;Jéssica Gerald;Raquel Dias;R$31.343,64;Jul/24;;
;Julho 24;Pós-vendas;REN0322-RNT -Finalização Anúncio Motrio;Double Page;0;0;1;0;Entregue;18/07/2024;19/07/2024;19/07/2024;0;Jessica Gerald;Fabiana Delboni;R$1.668,03;Jul/24;;
;Julho 23;Kwid;REN0323-RNT-KWID-ICE-DIGITAL-DISNEY+;Video no Broadcast;0;1;0;0;Entregue;19/07/2024;19/07/2024;19/07/2024;0;Jéssica Gerald;Raquel Dias;R$1.380,10;Jul/24;;
;Julho 24;Duster;REN0324-RNT-DUSTER-BUY-AGOSTO;"Digital Standard HTML
Static Banners
Video no Broadcast";36;0;0;0;Entregue;23/07/2024;25/07/2024;25/07/2024;0;Jéssica Gerald;Raquel Dias;R$4.363,09;Jul/24;;
;Julho 24;Oroch;REN0325-RNT-OROCH-BUY-AGOSTO;"Digital Standard HTML
Rich Media Banners
Static Banners
Video no Broadcast";18;15;0;0;Entregue;23/07/2024;25/07/2024;25/07/2024;0;Jéssica Gerald;Raquel Dias;R$6.433,24;Jul/24;;
;Julho 24;Kangoo;REN0326-RNT-KANGOO-PAGINA-DUPLA-AGOSTO;Double Page;0;0;1;0;Entregue;23/07/2024;24/07/2024;24/07/2024;0;Jéssica Gerald;Raquel Dias;R$1.239,97;Jul/24;;
;Julho 24;Kardian;REN0327-Kardian-Pg.Dupla-Autoesporte-Agosto;Double Page;0;0;1;0;Entregue;25/07/2024;25/07/2024;25/07/2024;0;Jéssica Gerald;Gustavo Albuquerque;R$1.239,97;Jul/24;;
;Julho 24;Kardian;REN0328-Kardian-Learn-Digital-Agosto;"Digital Standard HTML
Static Banners
Video no Broadcast";31;1;0;0;Aprovação;25/07/2024;30/07/2024;30/07/2024;0;Jéssica Gerald;Gustavo Albuquerque;R$11.309,32;Jul/24;;
;Julho 24;Kardian;REN0329-Kardian-Shop-Digital-Agosto;"Digital Standard HTML
Static Banners
Video no Broadcast";37;8;0;0;Aprovação;25/07/2024;30/07/2024;30/07/2024;0;Jéssica Gerald;Gustavo Albuquerque;R$4.964,02;Jul/24;;
;Julho 24;Kardian;REN0330-Kardian-Buy-Digital-Agosto;"Digital Standard HTML
Static Banners
Video no Broadcast";25;2;0;0;Aprovação;26/07/2024;30/07/2024;30/07/2024;0;Jessica Gerald;Gustavo Albuquerque;R$5.803,12;Jul/24;;
;Julho 24;Kardian;REN0331-Kardian-Comunicação-Agosto-Anúncios;Double Page;0;0;3;0;Aprovação;29/07/2024;01/08/2024;31/07/2024;1;Jessica Gerald;Gustavo Albuquerque;R$3.719,92;Jul/24;;
;;;;;;;;;;;;;;;;;;;
